{
    "BD": {
        "Bit rate [b/s]": 100000000000.0,
        "Latency [s]": 0.001768990752562263,
        "Snr [dB]": 66.8125443456299
    },
    "DA": {
        "Bit rate [b/s]": 100000000000.0,
        "Latency [s]": 0.001768990752562263,
        "Snr [dB]": 66.8125443456299
    },
    "BF": {
        "Bit rate [b/s]": 100000000000.0,
        "Latency [s]": 0.001768990752562263,
        "Snr [dB]": 66.8125443456299
    },
    "FB": {
        "Bit rate [b/s]": 100000000000.0,
        "Latency [s]": 0.001768990752562263,
        "Snr [dB]": 66.8125443456299
    },
    "DF": {
        "Bit rate [b/s]": 100000000000.0,
        "Latency [s]": 0.001768990752562263,
        "Snr [dB]": 66.8125443456299
    },
    "AD": {
        "Bit rate [b/s]": 100000000000.0,
        "Latency [s]": 0.001768990752562263,
        "Snr [dB]": 66.8125443456299
    },
    "EB": {
        "Bit rate [b/s]": 100000000000.0,
        "Latency [s]": 0.001768990752562263,
        "Snr [dB]": 66.8125443456299
    },
    "CE": {
        "Bit rate [b/s]": 100000000000.0,
        "Latency [s]": 0.001768990752562263,
        "Snr [dB]": 66.8125443456299
    },
    "DC": {
        "Bit rate [b/s]": 100000000000.0,
        "Latency [s]": 0.001768990752562263,
        "Snr [dB]": 66.8125443456299
    },
    "BA": {
        "Bit rate [b/s]": 100000000000.0,
        "Latency [s]": 0.001768990752562263,
        "Snr [dB]": 66.8125443456299
    },
    "BE": {
        "Bit rate [b/s]": 100000000000.0,
        "Latency [s]": 0.001768990752562263,
        "Snr [dB]": 66.8125443456299
    },
    "DE": {
        "Bit rate [b/s]": 100000000000.0,
        "Latency [s]": 0.001768990752562263,
        "Snr [dB]": 66.8125443456299
    },
    "DB": {
        "Bit rate [b/s]": 100000000000.0,
        "Latency [s]": 0.001768990752562263,
        "Snr [dB]": 66.8125443456299
    },
    "FD": {
        "Bit rate [b/s]": 100000000000.0,
        "Latency [s]": 0.001768990752562263,
        "Snr [dB]": 66.8125443456299
    },
    "FE": {
        "Bit rate [b/s]": 100000000000.0,
        "Latency [s]": 0.001768990752562263,
        "Snr [dB]": 66.8125443456299
    },
    "FA": {
        "Bit rate [b/s]": 100000000000.0,
        "Latency [s]": 0.001768990752562263,
        "Snr [dB]": 66.8125443456299
    },
    "AB": {
        "Bit rate [b/s]": 100000000000.0,
        "Latency [s]": 0.001768990752562263,
        "Snr [dB]": 66.8125443456299
    },
    "FC": {
        "Bit rate [b/s]": 100000000000.0,
        "Latency [s]": 0.001768990752562263,
        "Snr [dB]": 66.8125443456299
    },
    "EA": {
        "Bit rate [b/s]": 100000000000.0,
        "Latency [s]": 0.001768990752562263,
        "Snr [dB]": 66.8125443456299
    },
    "AE": {
        "Bit rate [b/s]": 100000000000.0,
        "Latency [s]": 0.001768990752562263,
        "Snr [dB]": 66.8125443456299
    },
    "EC": {
        "Bit rate [b/s]": 100000000000.0,
        "Latency [s]": 0.001768990752562263,
        "Snr [dB]": 66.8125443456299
    },
    "ED": {
        "Bit rate [b/s]": 100000000000.0,
        "Latency [s]": 0.001768990752562263,
        "Snr [dB]": 66.8125443456299
    },
    "EF": {
        "Bit rate [b/s]": 100000000000.0,
        "Latency [s]": 0.001768990752562263,
        "Snr [dB]": 66.8125443456299
    },
    "CA": {
        "Bit rate [b/s]": 100000000000.0,
        "Latency [s]": 0.001768990752562263,
        "Snr [dB]": 66.8125443456299
    },
    "BC": {
        "Bit rate [b/s]": 100000000000.0,
        "Latency [s]": 0.001768990752562263,
        "Snr [dB]": 66.8125443456299
    },
    "CF": {
        "Bit rate [b/s]": 100000000000.0,
        "Latency [s]": 0.001768990752562263,
        "Snr [dB]": 66.8125443456299
    },
    "AF": {
        "Bit rate [b/s]": 100000000000.0,
        "Latency [s]": 0.001768990752562263,
        "Snr [dB]": 66.8125443456299
    },
    "AC": {
        "Bit rate [b/s]": 100000000000.0,
        "Latency [s]": 0.001768990752562263,
        "Snr [dB]": 66.8125443456299
    },
    "CB": {
        "Bit rate [b/s]": 100000000000.0,
        "Latency [s]": 0.001768990752562263,
        "Snr [dB]": 66.8125443456299
    },
    "CD": {
        "Bit rate [b/s]": 100000000000.0,
        "Latency [s]": 0.001768990752562263,
        "Snr [dB]": 66.8125443456299
    }
}