{
    "DB": {
        "Bit rate [b/s]": 100000000000.0,
        "Latency [s]": 0.004142340897140901,
        "Snr [dB]": 63.45998460065701
    },
    "BD": {
        "Bit rate [b/s]": 100000000000.0,
        "Latency [s]": 0.004142340897140901,
        "Snr [dB]": 63.45998460065701
    },
    "BE": {
        "Bit rate [b/s]": 100000000000.0,
        "Latency [s]": 0.004142340897140901,
        "Snr [dB]": 63.45998460065701
    },
    "DF": {
        "Bit rate [b/s]": 100000000000.0,
        "Latency [s]": 0.004142340897140901,
        "Snr [dB]": 63.45998460065701
    },
    "ED": {
        "Bit rate [b/s]": 100000000000.0,
        "Latency [s]": 0.004142340897140901,
        "Snr [dB]": 63.45998460065701
    },
    "EB": {
        "Bit rate [b/s]": 100000000000.0,
        "Latency [s]": 0.004142340897140901,
        "Snr [dB]": 63.45998460065701
    },
    "EC": {
        "Bit rate [b/s]": 100000000000.0,
        "Latency [s]": 0.004142340897140901,
        "Snr [dB]": 63.45998460065701
    },
    "BA": {
        "Bit rate [b/s]": 100000000000.0,
        "Latency [s]": 0.004142340897140901,
        "Snr [dB]": 63.45998460065701
    },
    "DC": {
        "Bit rate [b/s]": 100000000000.0,
        "Latency [s]": 0.004142340897140901,
        "Snr [dB]": 63.45998460065701
    },
    "AF": {
        "Bit rate [b/s]": 100000000000.0,
        "Latency [s]": 0.004142340897140901,
        "Snr [dB]": 63.45998460065701
    },
    "FB": {
        "Bit rate [b/s]": 100000000000.0,
        "Latency [s]": 0.004142340897140901,
        "Snr [dB]": 63.45998460065701
    },
    "DA": {
        "Bit rate [b/s]": 100000000000.0,
        "Latency [s]": 0.004142340897140901,
        "Snr [dB]": 63.45998460065701
    },
    "CA": {
        "Bit rate [b/s]": 100000000000.0,
        "Latency [s]": 0.004142340897140901,
        "Snr [dB]": 63.45998460065701
    },
    "FD": {
        "Bit rate [b/s]": 100000000000.0,
        "Latency [s]": 0.004142340897140901,
        "Snr [dB]": 63.45998460065701
    },
    "EA": {
        "Bit rate [b/s]": 100000000000.0,
        "Latency [s]": 0.004142340897140901,
        "Snr [dB]": 63.45998460065701
    },
    "CE": {
        "Bit rate [b/s]": 100000000000.0,
        "Latency [s]": 0.004142340897140901,
        "Snr [dB]": 63.45998460065701
    },
    "AD": {
        "Bit rate [b/s]": 100000000000.0,
        "Latency [s]": 0.004142340897140901,
        "Snr [dB]": 63.45998460065701
    },
    "CB": {
        "Bit rate [b/s]": 100000000000.0,
        "Latency [s]": 0.004142340897140901,
        "Snr [dB]": 63.45998460065701
    },
    "FA": {
        "Bit rate [b/s]": 100000000000.0,
        "Latency [s]": 0.004142340897140901,
        "Snr [dB]": 63.45998460065701
    },
    "AB": {
        "Bit rate [b/s]": 100000000000.0,
        "Latency [s]": 0.004142340897140901,
        "Snr [dB]": 63.45998460065701
    },
    "FE": {
        "Bit rate [b/s]": 100000000000.0,
        "Latency [s]": 0.004142340897140901,
        "Snr [dB]": 63.45998460065701
    },
    "BF": {
        "Bit rate [b/s]": 100000000000.0,
        "Latency [s]": 0.004142340897140901,
        "Snr [dB]": 63.45998460065701
    },
    "CF": {
        "Bit rate [b/s]": 100000000000.0,
        "Latency [s]": 0.004142340897140901,
        "Snr [dB]": 63.45998460065701
    },
    "EF": {
        "Bit rate [b/s]": 100000000000.0,
        "Latency [s]": 0.004142340897140901,
        "Snr [dB]": 63.45998460065701
    },
    "FC": {
        "Bit rate [b/s]": 100000000000.0,
        "Latency [s]": 0.004142340897140901,
        "Snr [dB]": 63.45998460065701
    },
    "DE": {
        "Bit rate [b/s]": 100000000000.0,
        "Latency [s]": 0.004142340897140901,
        "Snr [dB]": 63.45998460065701
    },
    "AC": {
        "Bit rate [b/s]": 100000000000.0,
        "Latency [s]": 0.004142340897140901,
        "Snr [dB]": 63.45998460065701
    }
}